{"cameraMode":{"drawMode":0,"name":"Shaded","section":"Shading Mode"},"sceneLighting":true,"audioPlay":false,"sceneViewState":{"showFog":true,"showMaterialUpdate":false,"showSkybox":true,"showFlares":true,"showImageEffects":true,"showParticleSystems":true},"in2DMode":false,"pivot":{"x":3.7079999446868898,"y":1.2869999408721924,"z":2.322999954223633},"rotation":{"x":-0.20579664409160615,"y":-0.01702934131026268,"z":0.0035824624355882408,"w":-0.9784411191940308},"size":0.4330126941204071,"orthographic":false}